{"07/11/21 @ 14:38:35": 32209316450.502136, "07/11/21 @ 16:17:58": 32209354072.044296, "07/11/21 @ 17:25:24": 32209377533.640835, "07/11/21 @ 18:22:28": 32209401508.78781, "07/11/21 @ 19:39:45": 32209464484.760654, "07/11/21 @ 21:20:37": 32209525016.350506, "07/11/21 @ 21:50:37": 32209529516.462013, "07/11/21 @ 23:11:04": 32209550826.520573, "07/12/21 @ 00:12:38": 32209654733.075733, "07/12/21 @ 04:18:14": 32209849020.65936, "07/12/21 @ 05:40:25": 32209880772.192863, "07/12/21 @ 06:39:37": 32209915703.977764, "07/12/21 @ 08:10:20": 32209996359.726494, "07/12/21 @ 08:40:21": 32210449931.02515, "07/12/21 @ 14:51:42": 32210954693.039055, "07/12/21 @ 17:43:50": 32211041700.912373, "07/12/21 @ 18:31:11": 32211199456.024563, "07/12/21 @ 19:01:12": 32211200860.40252, "07/12/21 @ 20:07:21": 32211218190.32712, "07/12/21 @ 22:33:07": 32211254229.244793, "07/12/21 @ 23:51:32": 32211426067.34381, "07/13/21 @ 01:35:58": 32211468748.69656, "07/13/21 @ 05:03:00": 32211572293.48323, "07/13/21 @ 05:33:00": 32211593853.63331, "07/13/21 @ 06:03:01": 32211596606.9677, "07/13/21 @ 10:44:05": 32211742058.196415, "07/13/21 @ 11:42:25": 32211755235.148846, "07/13/21 @ 14:05:11": 32211803274.91429, "07/13/21 @ 15:00:17": 32211906507.43095, "07/13/21 @ 15:20:17": 32211907323.37592, "07/13/21 @ 15:40:18": 32211916814.786, "07/13/21 @ 16:00:27": 32211971011.79502, "07/13/21 @ 16:20:28": 32211977197.63281, "07/13/21 @ 16:40:29": 32211988112.05783, "07/13/21 @ 16:46:41": 32212202733.30386, "07/13/21 @ 16:51:22": 32212202733.30386, "07/13/21 @ 16:58:23": 32212202733.30386, "07/13/21 @ 18:25:21": 32212228543.992126, "07/13/21 @ 18:45:22": 32212270242.686047, "07/13/21 @ 19:05:23": 32212272164.91593, "07/13/21 @ 20:53:40": 32212385114.659447, "07/13/21 @ 21:33:50": 32212390279.82238, "07/13/21 @ 21:53:50": 32212401725.844795, "07/13/21 @ 22:13:51": 32212419669.574272, "07/13/21 @ 22:33:52": 32212431233.1356, "07/13/21 @ 22:53:53": 32212433021.18089, "07/13/21 @ 23:24:26": 32212433655.543587, "07/13/21 @ 23:43:45": 32212435500.02113, "07/14/21 @ 00:52:01": 32212547423.88876, "07/14/21 @ 03:40:41": 32212934868.082207, "07/14/21 @ 07:34:21": 32221887441.975735, "07/14/21 @ 11:37:20": 32222010835.393417, "07/14/21 @ 15:40:23": 32222271175.59662, "07/14/21 @ 17:08:23": 32222529019.94645, "07/14/21 @ 17:28:24": 32222798116.215977, "07/14/21 @ 17:48:25": 32222804127.217175, "07/14/21 @ 18:08:28": 32222863533.904156, "07/14/21 @ 18:28:29": 32222866837.78365, "07/14/21 @ 18:48:29": 32222979104.731365, "07/14/21 @ 19:16:31": 32222990314.739258, "07/14/21 @ 19:41:48": 32223016704.142147, "07/14/21 @ 20:01:48": 32223029996.688564, "07/14/21 @ 21:45:02": 32223136022.475098, "07/15/21 @ 01:38:33": 32223451100.47892, "07/15/21 @ 07:23:28": 32225569027.126472, "07/15/21 @ 11:26:29": 32225750885.262753, "07/15/21 @ 14:30:03": 32225851114.496548, "07/15/21 @ 18:05:01": 32226039751.580727, "07/15/21 @ 22:08:05": 32226220045.2415, "07/15/21 @ 23:23:51": 32226237833.85451, "07/16/21 @ 03:08:13": 32226586110.696003, "07/16/21 @ 07:11:13": 32226887491.913513, "07/16/21 @ 11:14:07": 32227078986.36624, "07/16/21 @ 14:09:48": 32227135791.388367, "07/16/21 @ 14:39:11": 32227149445.66929, "07/16/21 @ 14:59:14": 32227172737.094555, "07/16/21 @ 15:19:15": 32227266962.76054, "07/16/21 @ 16:44:18": 32227287305.209187, "07/16/21 @ 18:54:26": 32227329673.277737, "07/16/21 @ 19:14:30": 32227335116.273224, "07/16/21 @ 19:34:31": 32227337500.76664, "07/16/21 @ 19:50:10": 32227339825.445164, "07/16/21 @ 20:10:13": 32227340965.291206, "07/16/21 @ 20:30:14": 32227382130.113415, "07/16/21 @ 20:55:58": 32227408116.38876, "07/16/21 @ 21:15:58": 32227411500.301502, "07/16/21 @ 22:10:47": 32227427278.937607, "07/16/21 @ 22:30:48": 32227437074.500923, "07/16/21 @ 22:50:49": 32227438061.949818, "07/16/21 @ 23:10:49": 32227440786.7858, "07/16/21 @ 23:30:59": 32227446355.371304, "07/16/21 @ 23:51:00": 32227446537.8488, "07/17/21 @ 00:11:02": 32227477312.30596, "07/17/21 @ 00:31:02": 32227529606.18883, "07/17/21 @ 03:29:00": 32227762809.494545, "07/17/21 @ 07:31:58": 32227804918.142033, "07/17/21 @ 11:35:03": 32227910016.315643, "07/17/21 @ 13:24:20": 32228058722.271507, "07/17/21 @ 13:44:23": 32228059421.89511, "07/17/21 @ 14:04:26": 32228065143.878143, "07/17/21 @ 14:24:30": 32228107946.200905, "07/17/21 @ 14:44:33": 32228108079.600117, "07/17/21 @ 15:04:36": 32228112124.19909, "07/17/21 @ 15:24:39": 32228112165.17603, "07/17/21 @ 16:27:08": 32228162505.164223, "07/17/21 @ 16:47:11": 32228167825.46209, "07/17/21 @ 17:07:14": 32228177343.619488, "07/17/21 @ 19:55:58": 32228237914.212677, "07/17/21 @ 21:27:22": 32228248581.272087, "07/17/21 @ 21:47:25": 32228256402.139256, "07/17/21 @ 22:07:28": 32228264518.534306, "07/17/21 @ 22:27:31": 32228275093.494164, "07/17/21 @ 22:47:35": 32228276777.541992, "07/17/21 @ 23:07:38": 32228280101.24671, "07/17/21 @ 23:27:42": 32228281374.189384, "07/18/21 @ 00:08:49": 32228327958.188698, "07/18/21 @ 00:35:09": 32228329444.502068, "07/18/21 @ 00:55:12": 32228332400.471527, "07/18/21 @ 01:15:15": 32228340856.06131, "07/18/21 @ 01:35:18": 32228341099.828686, "07/18/21 @ 01:55:21": 32228341375.931973, "07/18/21 @ 02:15:24": 32228349148.3799, "07/18/21 @ 02:35:28": 32228351495.32641, "07/18/21 @ 02:55:31": 32228353097.437664, "07/18/21 @ 03:15:34": 32228360687.675793, "07/18/21 @ 03:35:37": 32228368790.444637, "07/18/21 @ 03:55:40": 32228383218.41759, "07/18/21 @ 04:15:44": 32228391843.195663, "07/18/21 @ 04:35:47": 32228396182.668064, "07/18/21 @ 04:55:50": 32228408168.46511, "07/18/21 @ 05:15:53": 32228408322.43313, "07/18/21 @ 05:35:56": 32228423418.920383, "07/18/21 @ 05:55:59": 32228427659.688705, "07/18/21 @ 06:16:02": 32228444748.7142, "07/18/21 @ 06:36:06": 32228453872.042545, "07/18/21 @ 06:56:09": 32228458348.696804, "07/18/21 @ 07:51:51": 32228473578.348373, "07/18/21 @ 08:11:55": 32228659609.11741, "07/18/21 @ 08:31:59": 32228659706.694736, "07/18/21 @ 08:52:02": 32228691310.931587, "07/18/21 @ 09:12:05": 32228691833.473564, "07/18/21 @ 09:32:08": 32228712198.607048, "07/18/21 @ 09:52:11": 32228717495.433132, "07/18/21 @ 10:12:15": 32228718179.351814, "07/18/21 @ 10:32:18": 32228727993.390118, "07/18/21 @ 10:52:21": 32228729844.49064, "07/18/21 @ 12:07:30": 32228830952.406452, "07/18/21 @ 12:27:33": 32228832689.417088, "07/18/21 @ 12:47:36": 32228952759.556793, "07/18/21 @ 13:07:39": 32228954175.553375, "07/18/21 @ 14:06:57": 32228997623.079884, "07/18/21 @ 14:27:01": 32229002362.26875, "07/18/21 @ 15:14:33": 32229030279.00026, "07/18/21 @ 15:34:36": 32229034579.590454, "07/18/21 @ 16:11:34": 32229036017.862213, "07/18/21 @ 19:34:44": 32230127632.59, "07/18/21 @ 19:50:12": 32230142180.2394, "07/18/21 @ 22:38:42": 32230177753.073723, "07/19/21 @ 02:07:23": 32230489999.490986, "07/19/21 @ 06:01:41": 32230564790.41877, "07/19/21 @ 09:33:28": 32230745006.03336, "07/19/21 @ 12:31:54": 32230837262.22254, "07/19/21 @ 12:52:02": 32231350483.077606, "07/19/21 @ 13:12:12": 32231351812.63272, "07/19/21 @ 13:32:23": 32231354369.51696, "07/19/21 @ 13:52:35": 32231357750.020515, "07/19/21 @ 14:12:46": 32231372666.239307, "07/19/21 @ 14:32:57": 32231390505.70719, "07/19/21 @ 16:44:49": 32231556576.481388, "07/19/21 @ 18:28:22": 32231931718.769478, "07/19/21 @ 18:48:29": 32231941279.67187, "07/19/21 @ 19:08:39": 32231965495.201694, "07/19/21 @ 19:28:47": 32231999324.626076, "07/19/21 @ 20:36:06": 32232236084.555832, "07/19/21 @ 21:42:48": 32232399535.726116, "07/20/21 @ 01:37:03": 32232854910.27946, "07/20/21 @ 18:25:18": 32238987009.950073, "07/20/21 @ 18:38:37": 32238992577.32589, "07/20/21 @ 20:32:28": 32239055006.718845, "07/21/21 @ 00:26:36": 32239703962.193714, "07/21/21 @ 04:39:28": 32239840570.37862, "07/21/21 @ 08:42:59": 32239956476.608948, "07/21/21 @ 11:49:22": 32240052084.208206, "07/21/21 @ 14:06:05": 32240125807.346035, "07/21/21 @ 14:26:17": 32240129078.312267, "07/21/21 @ 14:46:29": 32240159280.46395, "07/21/21 @ 16:21:08": 32240172337.38366, "07/21/21 @ 17:16:50": 32240283800.417656,