{"07/11/21 @ 14:38:35": 32209316450.502136, "07/11/21 @ 16:17:58": 32209354072.044296, "07/11/21 @ 17:25:24": 32209377533.640835, "07/11/21 @ 18:22:28": 32209401508.78781, "07/11/21 @ 19:39:45": 32209464484.760654, "07/11/21 @ 21:20:37": 32209525016.350506, "07/11/21 @ 21:50:37": 32209529516.462013, "07/11/21 @ 23:11:04": 32209550826.520573, "07/12/21 @ 00:12:38": 32209654733.075733, "07/12/21 @ 04:18:14": 32209849020.65936, "07/12/21 @ 05:40:25": 32209880772.192863, "07/12/21 @ 06:39:37": 32209915703.977764, "07/12/21 @ 08:10:20": 32209996359.726494, "07/12/21 @ 08:40:21": 32210449931.02515, "07/12/21 @ 14:51:42": 32210954693.039055, "07/12/21 @ 17:43:50": 32211041700.912373, "07/12/21 @ 18:31:11": 32211199456.024563, "07/12/21 @ 19:01:12": 32211200860.40252, "07/12/21 @ 20:07:21": 32211218190.32712, "07/12/21 @ 22:33:07": 32211254229.244793, "07/12/21 @ 23:51:32": 32211426067.34381, "07/13/21 @ 01:35:58": 32211468748.69656, "07/13/21 @ 05:03:00": 32211572293.48323, "07/13/21 @ 05:33:00": 32211593853.63331, "07/13/21 @ 06:03:01": 32211596606.9677, "07/13/21 @ 10:44:05": 32211742058.196415, "07/13/21 @ 11:42:25": 32211755235.148846, "07/13/21 @ 14:05:11": 32211803274.91429, "07/13/21 @ 15:00:17": 32211906507.43095, "07/13/21 @ 15:20:17": 32211907323.37592, "07/13/21 @ 15:40:18": 32211916814.786, "07/13/21 @ 16:00:27": 32211971011.79502, "07/13/21 @ 16:20:28": 32211977197.63281, "07/13/21 @ 16:40:29": 32211988112.05783, "07/13/21 @ 16:46:41": 32212202733.30386, "07/13/21 @ 16:51:22": 32212202733.30386, "07/13/21 @ 16:58:23": 32212202733.30386, "07/13/21 @ 18:25:21": 32212228543.992126, "07/13/21 @ 18:45:22": 32212270242.686047, "07/13/21 @ 19:05:23": 32212272164.91593, "07/13/21 @ 20:53:40": 32212385114.659447, "07/13/21 @ 21:33:50": 32212390279.82238, "07/13/21 @ 21:53:50": 32212401725.844795, "07/13/21 @ 22:13:51": 32212419669.574272, "07/13/21 @ 22:33:52": 32212431233.1356, "07/13/21 @ 22:53:53": 32212433021.18089, "07/13/21 @ 23:24:26": 32212433655.543587, "07/13/21 @ 23:43:45": 32212435500.02113, "07/14/21 @ 00:52:01": 32212547423.88876, "07/14/21 @ 03:40:41": 32212934868.082207, "07/14/21 @ 07:34:21": 32221887441.975735, "07/14/21 @ 11:37:20": 32222010835.393417, "07/14/21 @ 15:40:23": 32222271175.59662, "07/14/21 @ 17:08:23": 32222529019.94645, "07/14/21 @ 17:28:24": 32222798116.215977, "07/14/21 @ 17:48:25": 32222804127.217175, "07/14/21 @ 18:08:28": 32222863533.904156, "07/14/21 @ 18:28:29": 32222866837.78365, "07/14/21 @ 18:48:29": 32222979104.731365, "07/14/21 @ 19:16:31": 32222990314.739258, "07/14/21 @ 19:41:48": 32223016704.142147, "07/14/21 @ 20:01:48": 32223029996.688564, "07/14/21 @ 21:45:02": 32223136022.475098, "07/15/21 @ 01:38:33": 32223451100.47892, "07/15/21 @ 07:23:28": 32225569027.126472, "07/15/21 @ 11:26:29": 32225750885.262753, "07/15/21 @ 14:30:03": 32225851114.496548, "07/15/21 @ 18:05:01": 32226039751.580727, "07/15/21 @ 22:08:05": 32226220045.2415, "07/15/21 @ 23:23:51": 32226237833.85451, "07/16/21 @ 03:08:13": 32226586110.696003, "07/16/21 @ 07:11:13": 32226887491.913513, "07/16/21 @ 11:14:07": 32227078986.36624, "07/16/21 @ 14:09:48": 32227135791.388367, "07/16/21 @ 14:39:11": 32227149445.66929, "07/16/21 @ 14:59:14": 32227172737.094555, "07/16/21 @ 15:19:15": 32227266962.76054, "07/16/21 @ 16:44:18": 32227287305.209187, "07/16/21 @ 18:54:26": 32227329673.277737}